Year,Population,growth
400,190,NA
500,190,0
600,200,0.052631579
700,207,0.035
800,220,0.062801932
900,226,0.027272727
1000,254,0.123893805
1100,301,0.18503937
1200,360,0.196013289
1300,360,0
1400,350,-0.027777778
1500,425,0.214285714
1600,545,0.282352941
1700,600,0.100917431
1800,813,0.355
